X1,X2
d__Viruses..__dsDNA_viruses__no_RNA_stage.f__Adenoviridae.g__Mastadenovirus.s__Human_mastadenovirus_A,0.0166726200245214
d__Viruses..__dsDNA_viruses__no_RNA_stage.f__Adenoviridae.g__Mastadenovirus.s__Human_mastadenovirus_B,0.0191364889039308
d__Viruses..__dsDNA_viruses__no_RNA_stage.f__Adenoviridae.g__Mastadenovirus.s__Human_mastadenovirus_C,0.0164983588780341
d__Viruses..__dsDNA_viruses__no_RNA_stage.f__Adenoviridae.g__Mastadenovirus.s__Human_mastadenovirus_D,0.0180010851030848
d__Viruses..__dsDNA_viruses__no_RNA_stage.f__Adenoviridae.g__Mastadenovirus.s__Human_mastadenovirus_E,0.0172275214254588
d__Viruses..__dsDNA_viruses__no_RNA_stage.f__Adenoviridae.g__Mastadenovirus.s__Human_mastadenovirus_F,0.0147695810301083
d__Viruses..__dsDNA_viruses__no_RNA_stage.f__Adenoviridae.g__Mastadenovirus.s__Human_mastadenovirus_G,0.0112062196457826
d__Viruses..__dsDNA_viruses__no_RNA_stage.f__Adenoviridae.g__Mastadenovirus.s__Platyrrhini_mastadenovirus_A,0.00626695893162352
d__Viruses..__dsDNA_viruses__no_RNA_stage.f__Papillomaviridae..__unclassified_Papillomaviridae..__Human_papillomavirus_types.s__Human_papillomavirus,0.00013793918852346
d__Viruses..__dsDNA_viruses__no_RNA_stage.f__Papillomaviridae..__unclassified_Papillomaviridae..__Human_papillomavirus_types.s__Human_papillomavirus_type_143,0.0045357916082957
d__Viruses..__dsDNA_viruses__no_RNA_stage.f__Papillomaviridae..__unclassified_Papillomaviridae..__Human_papillomavirus_types.s__Human_papillomavirus_type_145,0.00179631901840491
d__Viruses..__dsDNA_viruses__no_RNA_stage.f__Papillomaviridae..__unclassified_Papillomaviridae..__Human_papillomavirus_types.s__Human_papillomavirus_type_78,0.00292072732994385
d__Viruses..__dsDNA_viruses__no_RNA_stage.f__Papillomaviridae.g__Alphapapillomavirus.s__Alphapapillomavirus_1,0.00290468688460024
d__Viruses..__dsDNA_viruses__no_RNA_stage.f__Papillomaviridae.g__Alphapapillomavirus.s__Alphapapillomavirus_10,0.0045380555418537
d__Viruses..__dsDNA_viruses__no_RNA_stage.f__Papillomaviridae.g__Alphapapillomavirus.s__Alphapapillomavirus_11,0.00266112102187047
d__Viruses..__dsDNA_viruses__no_RNA_stage.f__Papillomaviridae.g__Alphapapillomavirus.s__Alphapapillomavirus_13,0.00153820365421971
d__Viruses..__dsDNA_viruses__no_RNA_stage.f__Papillomaviridae.g__Alphapapillomavirus.s__Alphapapillomavirus_14,0.00176989400411327
d__Viruses..__dsDNA_viruses__no_RNA_stage.f__Papillomaviridae.g__Alphapapillomavirus.s__Alphapapillomavirus_2,0.00507184290089718
d__Viruses..__dsDNA_viruses__no_RNA_stage.f__Papillomaviridae.g__Alphapapillomavirus.s__Alphapapillomavirus_3,0.00406961812758055
d__Viruses..__dsDNA_viruses__no_RNA_stage.f__Papillomaviridae.g__Alphapapillomavirus.s__Alphapapillomavirus_4,0.00281715113129303
d__Viruses..__dsDNA_viruses__no_RNA_stage.f__Papillomaviridae.g__Alphapapillomavirus.s__Alphapapillomavirus_5,0.00476884877625823
d__Viruses..__dsDNA_viruses__no_RNA_stage.f__Papillomaviridae.g__Alphapapillomavirus.s__Alphapapillomavirus_6,0.00452225659618909
d__Viruses..__dsDNA_viruses__no_RNA_stage.f__Papillomaviridae.g__Alphapapillomavirus.s__Alphapapillomavirus_7,0.00727287061582884
d__Viruses..__dsDNA_viruses__no_RNA_stage.f__Papillomaviridae.g__Alphapapillomavirus.s__Alphapapillomavirus_8,0.00289065814267815
d__Viruses..__dsDNA_viruses__no_RNA_stage.f__Papillomaviridae.g__Alphapapillomavirus.s__Alphapapillomavirus_9,0.00975792093329792
d__Viruses..__dsDNA_viruses__no_RNA_stage.f__Papillomaviridae.g__Betapapillomavirus..__unclassified_Betapapillomavirus.s__Colobus_monkey_papillomavirus,0.00283300003921107
d__Viruses..__dsDNA_viruses__no_RNA_stage.f__Papillomaviridae.g__Betapapillomavirus.s__Betapapillomavirus_1,0.00988611820145297
d__Viruses..__dsDNA_viruses__no_RNA_stage.f__Papillomaviridae.g__Betapapillomavirus.s__Betapapillomavirus_2,0.00672409549593896
d__Viruses..__dsDNA_viruses__no_RNA_stage.f__Papillomaviridae.g__Betapapillomavirus.s__Betapapillomavirus_3,0.00235051140833989
d__Viruses..__dsDNA_viruses__no_RNA_stage.f__Papillomaviridae.g__Betapapillomavirus.s__Betapapillomavirus_4,0.000619316785450971
d__Viruses..__dsDNA_viruses__no_RNA_stage.f__Papillomaviridae.g__Betapapillomavirus.s__Betapapillomavirus_5,0.00109222942721914
d__Viruses..__dsDNA_viruses__no_RNA_stage.f__Papillomaviridae.g__Betapapillomavirus.s__Betapapillomavirus_6,0.000875768757687577
d__Viruses..__dsDNA_viruses__no_RNA_stage.f__Papillomaviridae.g__Gammapapillomavirus.s__Gammapapillomavirus_1,0.00145567565972598
d__Viruses..__dsDNA_viruses__no_RNA_stage.f__Papillomaviridae.g__Gammapapillomavirus.s__Gammapapillomavirus_14,0.000127314928165
d__Viruses..__dsDNA_viruses__no_RNA_stage.f__Papillomaviridae.g__Gammapapillomavirus.s__Gammapapillomavirus_2,0.000863108957697853
d__Viruses..__dsDNA_viruses__no_RNA_stage.f__Papillomaviridae.g__Gammapapillomavirus.s__Gammapapillomavirus_3,0.000880135345257537
d__Viruses..__dsDNA_viruses__no_RNA_stage.f__Papillomaviridae.g__Gammapapillomavirus.s__Gammapapillomavirus_4,0.000890280291542337
d__Viruses..__dsDNA_viruses__no_RNA_stage.f__Papillomaviridae.g__Mupapillomavirus.s__Mupapillomavirus_1,0.000932112756208362
d__Viruses..__dsDNA_viruses__no_RNA_stage.f__Papillomaviridae.g__Mupapillomavirus.s__Mupapillomavirus_2,0.000970027141163445
d__Viruses..__dsDNA_viruses__no_RNA_stage.f__Papillomaviridae.g__Nupapillomavirus.s__Nupapillomavirus_1,0.000897044627970242
d__Viruses..__dsDNA_viruses__no_RNA_stage.f__Polyomaviridae..__unclassified_Polyomaviridae.s__KI_polyomavirus,0.000719118134077684
d__Viruses..__dsDNA_viruses__no_RNA_stage.f__Polyomaviridae..__unclassified_Polyomaviridae.s__Merkel_cell_polyomavirus,0.00202488527227137
d__Viruses..__dsDNA_viruses__no_RNA_stage.f__Polyomaviridae.g__Betapolyomavirus.s__Human_polyomavirus_1,0.0024601177071703
d__Viruses..__dsDNA_viruses__no_RNA_stage.f__Polyomaviridae.g__Betapolyomavirus.s__Human_polyomavirus_2,0.00221513295530922
d__Viruses..__dsDNA_viruses__no_RNA_stage.f__Polyomaviridae.g__Betapolyomavirus.s__Human_polyomavirus_4,0.00103130824762752
d__Viruses..__dsDNA_viruses__no_RNA_stage.f__Polyomaviridae.g__Betapolyomavirus.s__Macaca_mulatta_polyomavirus_1,0.00214862421792918
d__Viruses..__dsDNA_viruses__no_RNA_stage.f__Poxviridae..__Chordopoxvirinae.g__Molluscipoxvirus.s__Molluscum_contagiosum_virus,0.0228452038804477
d__Viruses..__dsDNA_viruses__no_RNA_stage.f__Poxviridae..__Chordopoxvirinae.g__Orthopoxvirus.s__Cowpox_virus,0.046784202685504
d__Viruses..__dsDNA_viruses__no_RNA_stage.f__Poxviridae..__Chordopoxvirinae.g__Orthopoxvirus.s__Ectromelia_virus,0.035225436848939
d__Viruses..__dsDNA_viruses__no_RNA_stage.f__Poxviridae..__Chordopoxvirinae.g__Orthopoxvirus.s__Monkeypox_virus,0.0354673165705681
d__Viruses..__dsDNA_viruses__no_RNA_stage.f__Poxviridae..__Chordopoxvirinae.g__Orthopoxvirus.s__Vaccinia_virus,0.0427063481875722
d__Viruses..__dsDNA_viruses__no_RNA_stage.f__Poxviridae..__Chordopoxvirinae.g__Orthopoxvirus.s__Variola_virus,0.0366282979312527
d__Viruses..__dsDNA_viruses__no_RNA_stage.f__Poxviridae..__Chordopoxvirinae.g__Parapoxvirus.s__Orf_virus,0.0280183989765325
d__Viruses..__dsDNA_viruses__no_RNA_stage.f__Poxviridae..__Chordopoxvirinae.g__Yatapoxvirus.s__Tanapox_virus,0.0247666483645776
d__Viruses..__dsDNA_viruses__no_RNA_stage.f__Poxviridae..__Chordopoxvirinae.g__Yatapoxvirus.s__Yaba_monkey_tumor_virus,0.0231042480110384
d__Viruses..__dsDNA_viruses__no_RNA_stage.o__Herpesvirales.f__Herpesviridae..__Alphaherpesvirinae.g__Simplexvirus.s__Cercopithecine_alphaherpesvirus_2,0.0183401021749227
d__Viruses..__dsDNA_viruses__no_RNA_stage.o__Herpesvirales.f__Herpesviridae..__Alphaherpesvirinae.g__Simplexvirus.s__Human_alphaherpesvirus_1,0.0274579448473188
d__Viruses..__dsDNA_viruses__no_RNA_stage.o__Herpesvirales.f__Herpesviridae..__Alphaherpesvirinae.g__Simplexvirus.s__Human_alphaherpesvirus_2,0.0255595154650371
d__Viruses..__dsDNA_viruses__no_RNA_stage.o__Herpesvirales.f__Herpesviridae..__Alphaherpesvirinae.g__Simplexvirus.s__Macacine_alphaherpesvirus_1,0.0231608435755292
d__Viruses..__dsDNA_viruses__no_RNA_stage.o__Herpesvirales.f__Herpesviridae..__Alphaherpesvirinae.g__Simplexvirus.s__Papiine_alphaherpesvirus_2,0.022675468458601
d__Viruses..__dsDNA_viruses__no_RNA_stage.o__Herpesvirales.f__Herpesviridae..__Alphaherpesvirinae.g__Varicellovirus.s__Human_alphaherpesvirus_3,0.0163265705397844
d__Viruses..__dsDNA_viruses__no_RNA_stage.o__Herpesvirales.f__Herpesviridae..__Betaherpesvirinae.g__Cytomegalovirus.s__Cercopithecine_betaherpesvirus_5,0.00288773555884133
d__Viruses..__dsDNA_viruses__no_RNA_stage.o__Herpesvirales.f__Herpesviridae..__Betaherpesvirinae.g__Cytomegalovirus.s__Human_betaherpesvirus_5,0.0390574437623801
d__Viruses..__dsDNA_viruses__no_RNA_stage.o__Herpesvirales.f__Herpesviridae..__Betaherpesvirinae.g__Roseolovirus.s__Human_betaherpesvirus_6A,0.0177713079838993
d__Viruses..__dsDNA_viruses__no_RNA_stage.o__Herpesvirales.f__Herpesviridae..__Betaherpesvirinae.g__Roseolovirus.s__Human_betaherpesvirus_6B,0.0175591081769974
d__Viruses..__dsDNA_viruses__no_RNA_stage.o__Herpesvirales.f__Herpesviridae..__Betaherpesvirinae.g__Roseolovirus.s__Human_betaherpesvirus_7,0.0146651585475253
d__Viruses..__dsDNA_viruses__no_RNA_stage.o__Herpesvirales.f__Herpesviridae..__Gammaherpesvirinae.g__Lymphocryptovirus.s__Human_gammaherpesvirus_4,0.0213403621808952
d__Viruses..__dsDNA_viruses__no_RNA_stage.o__Herpesvirales.f__Herpesviridae..__Gammaherpesvirinae.g__Rhadinovirus.s__Human_gammaherpesvirus_8,0.0205956597460032
d__Viruses..__dsRNA_viruses.f__Picobirnaviridae.g__Picobirnavirus.s__Human_picobirnavirus,0.000510657613526753
d__Viruses..__dsRNA_viruses.f__Reoviridae..__Sedoreovirinae.g__Rotavirus.s__Rotavirus_A,0.0172448232239164
d__Viruses..__dsRNA_viruses.f__Reoviridae..__Sedoreovirinae.g__Rotavirus.s__Rotavirus_B,0.00343411791417543
d__Viruses..__dsRNA_viruses.f__Reoviridae..__Sedoreovirinae.g__Rotavirus.s__Rotavirus_C,0.00917719410146321
d__Viruses..__dsRNA_viruses.f__Reoviridae..__Sedoreovirinae.g__Rotavirus.s__Rotavirus_G,0.000180057239248687
d__Viruses..__dsRNA_viruses.f__Reoviridae..__Sedoreovirinae.g__Rotavirus.s__Rotavirus_H,0.00197824872928281
d__Viruses..__dsRNA_viruses.f__Reoviridae..__Sedoreovirinae.g__Seadornavirus.s__Banna_virus,0.00194286468796273
d__Viruses..__dsRNA_viruses.f__Reoviridae..__Spinareovirinae.g__Coltivirus.s__Colorado_tick_fever_virus,0.00288684692164003
d__Viruses..__Retro_transcribing_viruses.f__Hepadnaviridae.g__Orthohepadnavirus.s__Hepatitis_B_virus,0.047142217437285
d__Viruses..__Retro_transcribing_viruses.f__Retroviridae..__Orthoretrovirinae.g__Deltaretrovirus..__unclassified_Deltaretrovirus.s__Human_T_lymphotropic_virus_4,0.00164326829916982
d__Viruses..__Retro_transcribing_viruses.f__Retroviridae..__Orthoretrovirinae.g__Deltaretrovirus.s__Primate_T_lymphotropic_virus_1,0.00314411641779703
d__Viruses..__Retro_transcribing_viruses.f__Retroviridae..__Orthoretrovirinae.g__Deltaretrovirus.s__Primate_T_lymphotropic_virus_2,0.00282061996657043
d__Viruses..__Retro_transcribing_viruses.f__Retroviridae..__Orthoretrovirinae.g__Deltaretrovirus.s__Primate_T_lymphotropic_virus_3,0.00271695245333207
d__Viruses..__Retro_transcribing_viruses.f__Retroviridae..__Orthoretrovirinae.g__Gammaretrovirus..__Mammalian_gammaretrovirus_group..__Replication_competent_viruses.s__Murine_leukemia_virus,0.00161009243824822
d__Viruses..__Retro_transcribing_viruses.f__Retroviridae..__Orthoretrovirinae.g__Lentivirus..__Primate_lentivirus_group.s__Human_immunodeficiency_virus_1,0.0227299253034547
d__Viruses..__Retro_transcribing_viruses.f__Retroviridae..__Orthoretrovirinae.g__Lentivirus..__Primate_lentivirus_group.s__Human_immunodeficiency_virus_2,0.00845676155210985
d__Viruses..__Retro_transcribing_viruses.f__Retroviridae..__Spumaretrovirinae.g__Spumavirus.s__African_green_monkey_simian_foamy_virus,0.0019663452448478
d__Viruses..__Retro_transcribing_viruses.f__Retroviridae..__Spumaretrovirinae.g__Spumavirus.s__Macaque_simian_foamy_virus,0.00220247660459401
d__Viruses..__Retro_transcribing_viruses.f__Retroviridae..__Spumaretrovirinae.g__Spumavirus.s__Simian_foamy_virus,0.00288836698359786
d__Viruses..__ssDNA_viruses.f__Anelloviridae..__unclassified_Anelloviridae.s__Torque_teno_virus,0.00124947938359017
d__Viruses..__ssDNA_viruses.f__Anelloviridae.g__Alphatorquevirus.s__Torque_teno_virus_25,0.00030210909914843
d__Viruses..__ssDNA_viruses.f__Anelloviridae.g__Alphatorquevirus.s__Torque_teno_virus_27,0.000424873010178069
d__Viruses..__ssDNA_viruses.f__Anelloviridae.g__Alphatorquevirus.s__Torque_teno_virus_3,0.00052891063299269
d__Viruses..__ssDNA_viruses.f__Anelloviridae.g__Alphatorquevirus.s__Torque_teno_virus_4,0.000292839599470999
d__Viruses..__ssDNA_viruses.f__Anelloviridae.g__Alphatorquevirus.s__Torque_teno_virus_6,0.000368362393033228
d__Viruses..__ssDNA_viruses.f__Anelloviridae.g__Betatorquevirus.s__Torque_teno_mini_virus_1,0.00028329681952104
d__Viruses..__ssDNA_viruses.f__Anelloviridae.g__Gammatorquevirus.s__Torque_teno_midi_virus_1,0.000292610177170743
d__Viruses..__ssDNA_viruses.f__Inoviridae..__environmental_samples.s__Uncultured_phage_WW_nAnB_strain_2,0.000358308031757407
d__Viruses..__ssDNA_viruses.f__Parvoviridae..__Parvovirinae.g__Dependoparvovirus.s__Adeno_associated_dependoparvovirus_A,0.00282339165824685
d__Viruses..__ssDNA_viruses.f__Parvoviridae..__Parvovirinae.g__Erythroparvovirus.s__Primate_erythroparvovirus_1,0.00203132971788137
d__Viruses..__ssRNA_viruses..__ssRNA_negative_strand_viruses.f__Arenaviridae..__unclassified_Arenaviridae.g__Arenavirus..__Old_world_arenaviruses..__unclassified_Old_world_arenaviruses.s__Mopeia_Lassa_virus_reassortant_29,0.0035106464168511
d__Viruses..__ssRNA_viruses..__ssRNA_negative_strand_viruses.f__Arenaviridae.g__Mammarenavirus.s__Allpahuayo_mammarenavirus,0.000621171433759234
d__Viruses..__ssRNA_viruses..__ssRNA_negative_strand_viruses.f__Arenaviridae.g__Mammarenavirus.s__Amapar_mammarenavirus,0.00167898879084188
d__Viruses..__ssRNA_viruses..__ssRNA_negative_strand_viruses.f__Arenaviridae.g__Mammarenavirus.s__Bear_Canyon_mammarenavirus,0.000296030328784652
d__Viruses..__ssRNA_viruses..__ssRNA_negative_strand_viruses.f__Arenaviridae.g__Mammarenavirus.s__Chapare_mammarenavirus,0.00247883456639463
d__Viruses..__ssRNA_viruses..__ssRNA_negative_strand_viruses.f__Arenaviridae.g__Mammarenavirus.s__Cupixi_mammarenavirus,0.00147897940878991
d__Viruses..__ssRNA_viruses..__ssRNA_negative_strand_viruses.f__Arenaviridae.g__Mammarenavirus.s__Gairo_mammarenavirus,0.00272052997833122
d__Viruses..__ssRNA_viruses..__ssRNA_negative_strand_viruses.f__Arenaviridae.g__Mammarenavirus.s__Guanarito_mammarenavirus,0.00240416722318686
d__Viruses..__ssRNA_viruses..__ssRNA_negative_strand_viruses.f__Arenaviridae.g__Mammarenavirus.s__Ippy_mammarenavirus,0.00162373324928126
d__Viruses..__ssRNA_viruses..__ssRNA_negative_strand_viruses.f__Arenaviridae.g__Mammarenavirus.s__Junin_mammarenavirus,0.00284088200806505
d__Viruses..__ssRNA_viruses..__ssRNA_negative_strand_viruses.f__Arenaviridae.g__Mammarenavirus.s__Lassa_mammarenavirus,0.00860221199737075
d__Viruses..__ssRNA_viruses..__ssRNA_negative_strand_viruses.f__Arenaviridae.g__Mammarenavirus.s__Latino_mammarenavirus,0.000439384098116379
d__Viruses..__ssRNA_viruses..__ssRNA_negative_strand_viruses.f__Arenaviridae.g__Mammarenavirus.s__Luna_mammarenavirus,0.00261735093517758
d__Viruses..__ssRNA_viruses..__ssRNA_negative_strand_viruses.f__Arenaviridae.g__Mammarenavirus.s__Lunk_mammarenavirus,0.000897760374385178
d__Viruses..__ssRNA_viruses..__ssRNA_negative_strand_viruses.f__Arenaviridae.g__Mammarenavirus.s__Lymphocytic_choriomeningitis_mammarenavirus,0.00212999665695592
d__Viruses..__ssRNA_viruses..__ssRNA_negative_strand_viruses.f__Arenaviridae.g__Mammarenavirus.s__Machupo_mammarenavirus,0.00287950876724607
d__Viruses..__ssRNA_viruses..__ssRNA_negative_strand_viruses.f__Arenaviridae.g__Mammarenavirus.s__Mobala_mammarenavirus,0.00237783740939867
d__Viruses..__ssRNA_viruses..__ssRNA_negative_strand_viruses.f__Arenaviridae.g__Mammarenavirus.s__Mopeia_mammarenavirus,0.00256897556130684
d__Viruses..__ssRNA_viruses..__ssRNA_negative_strand_viruses.f__Arenaviridae.g__Mammarenavirus.s__Oliveros_mammarenavirus,0.000496685578925249
d__Viruses..__ssRNA_viruses..__ssRNA_negative_strand_viruses.f__Arenaviridae.g__Mammarenavirus.s__Parana_mammarenavirus,0.000343862531401335
d__Viruses..__ssRNA_viruses..__ssRNA_negative_strand_viruses.f__Arenaviridae.g__Mammarenavirus.s__Pichinde_mammarenavirus,0.00128837693137246
d__Viruses..__ssRNA_viruses..__ssRNA_negative_strand_viruses.f__Arenaviridae.g__Mammarenavirus.s__Pirital_mammarenavirus,0.000353410892696812
d__Viruses..__ssRNA_viruses..__ssRNA_negative_strand_viruses.f__Arenaviridae.g__Mammarenavirus.s__Sabia_mammarenavirus,0.00244014030806771
d__Viruses..__ssRNA_viruses..__ssRNA_negative_strand_viruses.f__Arenaviridae.g__Mammarenavirus.s__Tacaribe_mammarenavirus,0.00194615634122608
d__Viruses..__ssRNA_viruses..__ssRNA_negative_strand_viruses.f__Arenaviridae.g__Mammarenavirus.s__Tamiami_mammarenavirus,0.000372403915015517
d__Viruses..__ssRNA_viruses..__ssRNA_negative_strand_viruses.f__Arenaviridae.g__Mammarenavirus.s__Whitewater_Arroyo_mammarenavirus,0.000372628078958934
d__Viruses..__ssRNA_viruses..__ssRNA_negative_strand_viruses.f__Orthomyxoviridae.g__Influenzavirus_A.s__Influenza_A_virus,0.0500960245822931
d__Viruses..__ssRNA_viruses..__ssRNA_negative_strand_viruses.f__Orthomyxoviridae.g__Influenzavirus_B.s__Influenza_B_virus,0.00894986909725589
d__Viruses..__ssRNA_viruses..__ssRNA_negative_strand_viruses.f__Orthomyxoviridae.g__Influenzavirus_C.s__Influenza_C_virus,0.00821511428897425
d__Viruses..__ssRNA_viruses..__ssRNA_negative_strand_viruses.f__Orthomyxoviridae.g__Thogotovirus.s__Dhori_virus,0.00069026163752754
d__Viruses..__ssRNA_viruses..__ssRNA_negative_strand_viruses.o__Bunyavirales.f__Hantaviridae.g__Orthohantavirus..__unclassified_Orthohantavirus..__unclassified_Hantavirus.s__Hantavirus_Z10,0.00343932388387781
d__Viruses..__ssRNA_viruses..__ssRNA_negative_strand_viruses.o__Bunyavirales.f__Hantaviridae.g__Orthohantavirus.s__Bowe_orthohantavirus,0.00145257761321561
d__Viruses..__ssRNA_viruses..__ssRNA_negative_strand_viruses.o__Bunyavirales.f__Hantaviridae.g__Orthohantavirus.s__Bruges_orthohantavirus,0.00155690782915785
d__Viruses..__ssRNA_viruses..__ssRNA_negative_strand_viruses.o__Bunyavirales.f__Hantaviridae.g__Orthohantavirus.s__Cao_Bang_orthohantavirus,0.00181271175984891
d__Viruses..__ssRNA_viruses..__ssRNA_negative_strand_viruses.o__Bunyavirales.f__Hantaviridae.g__Orthohantavirus.s__Dobrava_Belgrade_orthohantavirus,0.00305323244391345
d__Viruses..__ssRNA_viruses..__ssRNA_negative_strand_viruses.o__Bunyavirales.f__Hantaviridae.g__Orthohantavirus.s__Fugong_orthohantavirus,0.00268371091786707
d__Viruses..__ssRNA_viruses..__ssRNA_negative_strand_viruses.o__Bunyavirales.f__Hantaviridae.g__Orthohantavirus.s__Hantaan_orthohantavirus,0.00346781376134619
d__Viruses..__ssRNA_viruses..__ssRNA_negative_strand_viruses.o__Bunyavirales.f__Hantaviridae.g__Orthohantavirus.s__Jeju_orthohantavirus,0.00164209846895675
d__Viruses..__ssRNA_viruses..__ssRNA_negative_strand_viruses.o__Bunyavirales.f__Hantaviridae.g__Orthohantavirus.s__Montano_orthohantavirus,0.00359115760349451
d__Viruses..__ssRNA_viruses..__ssRNA_negative_strand_viruses.o__Bunyavirales.f__Hantaviridae.g__Orthohantavirus.s__Puumala_orthohantavirus,0.00419487713649922
d__Viruses..__ssRNA_viruses..__ssRNA_negative_strand_viruses.o__Bunyavirales.f__Hantaviridae.g__Orthohantavirus.s__Quezon_orthohantavirus,0.000626709206927985
d__Viruses..__ssRNA_viruses..__ssRNA_negative_strand_viruses.o__Bunyavirales.f__Hantaviridae.g__Orthohantavirus.s__Seoul_orthohantavirus,0.00352412891490934
d__Viruses..__ssRNA_viruses..__ssRNA_negative_strand_viruses.o__Bunyavirales.f__Hantaviridae.g__Orthohantavirus.s__Sin_Nombre_orthohantavirus,0.00412878787878788
d__Viruses..__ssRNA_viruses..__ssRNA_negative_strand_viruses.o__Bunyavirales.f__Hantaviridae.g__Orthohantavirus.s__Tula_orthohantavirus,0.00363808621506395
d__Viruses..__ssRNA_viruses..__ssRNA_negative_strand_viruses.o__Bunyavirales.f__Nairoviridae.g__Orthonairovirus..__unclassified_Nairovirus.s__Tofla_virus,0.00118417188491744
d__Viruses..__ssRNA_viruses..__ssRNA_negative_strand_viruses.o__Bunyavirales.f__Nairoviridae.g__Orthonairovirus.s__Crimean_Congo_hemorrhagic_fever_orthonairovirus,0.00281919321879967
d__Viruses..__ssRNA_viruses..__ssRNA_negative_strand_viruses.o__Bunyavirales.f__Nairoviridae.g__Orthonairovirus.s__Dugbe_orthonairovirus,0.00364887603274535
d__Viruses..__ssRNA_viruses..__ssRNA_negative_strand_viruses.o__Bunyavirales.f__Nairoviridae.g__Orthonairovirus.s__Nairobi_sheep_disease_orthonairovirus,0.0031032688395856
d__Viruses..__ssRNA_viruses..__ssRNA_negative_strand_viruses.o__Bunyavirales.f__Peribunyaviridae.g__Orthobunyavirus..__unclassified_Orthobunyavirus.s__Brazoran_virus,0.000170873638944001
d__Viruses..__ssRNA_viruses..__ssRNA_negative_strand_viruses.o__Bunyavirales.f__Peribunyaviridae.g__Orthobunyavirus.s__Akabane_orthobunyavirus,0.000532142348078111
d__Viruses..__ssRNA_viruses..__ssRNA_negative_strand_viruses.o__Bunyavirales.f__Peribunyaviridae.g__Orthobunyavirus.s__Bunyamwera_orthobunyavirus,0.00171021377672209
d__Viruses..__ssRNA_viruses..__ssRNA_negative_strand_viruses.o__Bunyavirales.f__Peribunyaviridae.g__Orthobunyavirus.s__Bwamba_orthobunyavirus,0.00055088045894041
d__Viruses..__ssRNA_viruses..__ssRNA_negative_strand_viruses.o__Bunyavirales.f__Peribunyaviridae.g__Orthobunyavirus.s__California_encephalitis_orthobunyavirus,0.00237667436709162
d__Viruses..__ssRNA_viruses..__ssRNA_negative_strand_viruses.o__Bunyavirales.f__Peribunyaviridae.g__Orthobunyavirus.s__Capim_orthobunyavirus,0.000237333510542355
d__Viruses..__ssRNA_viruses..__ssRNA_negative_strand_viruses.o__Bunyavirales.f__Peribunyaviridae.g__Orthobunyavirus.s__Guaroa_orthobunyavirus,0.000294410940690441
d__Viruses..__ssRNA_viruses..__ssRNA_negative_strand_viruses.o__Bunyavirales.f__Peribunyaviridae.g__Orthobunyavirus.s__Kaeng_Khoi_orthobunyavirus,0.000408236891323542
d__Viruses..__ssRNA_viruses..__ssRNA_negative_strand_viruses.o__Bunyavirales.f__Peribunyaviridae.g__Orthobunyavirus.s__Madrid_orthobunyavirus,0.000256449223053835
d__Viruses..__ssRNA_viruses..__ssRNA_negative_strand_viruses.o__Bunyavirales.f__Peribunyaviridae.g__Orthobunyavirus.s__Manzanilla_orthobunyavirus,0.00131993770653702
d__Viruses..__ssRNA_viruses..__ssRNA_negative_strand_viruses.o__Bunyavirales.f__Peribunyaviridae.g__Orthobunyavirus.s__Nyando_orthobunyavirus,0.000237425923111989
d__Viruses..__ssRNA_viruses..__ssRNA_negative_strand_viruses.o__Bunyavirales.f__Peribunyaviridae.g__Orthobunyavirus.s__Oropouche_orthobunyavirus,0.00442280919413954
d__Viruses..__ssRNA_viruses..__ssRNA_negative_strand_viruses.o__Bunyavirales.f__Peribunyaviridae.g__Orthobunyavirus.s__Sathuperi_orthobunyavirus,0.000399042298483639
d__Viruses..__ssRNA_viruses..__ssRNA_negative_strand_viruses.o__Bunyavirales.f__Peribunyaviridae.g__Orthobunyavirus.s__Shamonda_orthobunyavirus,0.000588989692680378
d__Viruses..__ssRNA_viruses..__ssRNA_negative_strand_viruses.o__Bunyavirales.f__Peribunyaviridae.g__Orthobunyavirus.s__Shuni_orthobunyavirus,0.00051292280511783
d__Viruses..__ssRNA_viruses..__ssRNA_negative_strand_viruses.o__Bunyavirales.f__Peribunyaviridae.g__Orthobunyavirus.s__Tete_orthobunyavirus,0.000284943581170928
d__Viruses..__ssRNA_viruses..__ssRNA_negative_strand_viruses.o__Bunyavirales.f__Peribunyaviridae.g__Orthobunyavirus.s__Wyeomyia_orthobunyavirus,0.000683780164677056
d__Viruses..__ssRNA_viruses..__ssRNA_negative_strand_viruses.o__Bunyavirales.f__Phenuiviridae.g__Phlebovirus..__unclassified_Phlebovirus.s__Aguacate_virus,0.000474504854184658
d__Viruses..__ssRNA_viruses..__ssRNA_negative_strand_viruses.o__Bunyavirales.f__Phenuiviridae.g__Phlebovirus..__unclassified_Phlebovirus.s__Ambe_virus,0.000455196350842587
d__Viruses..__ssRNA_viruses..__ssRNA_negative_strand_viruses.o__Bunyavirales.f__Phenuiviridae.g__Phlebovirus..__unclassified_Phlebovirus.s__Anhanga_virus,0.000398349694124342
d__Viruses..__ssRNA_viruses..__ssRNA_negative_strand_viruses.o__Bunyavirales.f__Phenuiviridae.g__Phlebovirus..__unclassified_Phlebovirus.s__Arumowot_virus,0.000331885679607047
d__Viruses..__ssRNA_viruses..__ssRNA_negative_strand_viruses.o__Bunyavirales.f__Phenuiviridae.g__Phlebovirus..__unclassified_Phlebovirus.s__Sandfly_fever_Sicilian_virus,0.00197023803885537
d__Viruses..__ssRNA_viruses..__ssRNA_negative_strand_viruses.o__Bunyavirales.f__Phenuiviridae.g__Phlebovirus..__unclassified_Phlebovirus.s__Tapara_virus,0.000398311916164825
d__Viruses..__ssRNA_viruses..__ssRNA_negative_strand_viruses.o__Bunyavirales.f__Phenuiviridae.g__Phlebovirus..__unclassified_Phlebovirus.s__Uriurana_virus,0.000436333282743967
d__Viruses..__ssRNA_viruses..__ssRNA_negative_strand_viruses.o__Bunyavirales.f__Phenuiviridae.g__Phlebovirus..__unclassified_Phlebovirus.s__Urucuri_virus,0.000455261111216496
d__Viruses..__ssRNA_viruses..__ssRNA_negative_strand_viruses.o__Bunyavirales.f__Phenuiviridae.g__Phlebovirus.s__Bujaru_phlebovirus,0.000445835704799848
d__Viruses..__ssRNA_viruses..__ssRNA_negative_strand_viruses.o__Bunyavirales.f__Phenuiviridae.g__Phlebovirus.s__Candiru_phlebovirus,0.000617348440957745
d__Viruses..__ssRNA_viruses..__ssRNA_negative_strand_viruses.o__Bunyavirales.f__Phenuiviridae.g__Phlebovirus.s__Punta_Toro_phlebovirus,0.00120477355948925
d__Viruses..__ssRNA_viruses..__ssRNA_negative_strand_viruses.o__Bunyavirales.f__Phenuiviridae.g__Phlebovirus.s__Rift_Valley_fever_phlebovirus,0.00240639684705169
d__Viruses..__ssRNA_viruses..__ssRNA_negative_strand_viruses.o__Bunyavirales.f__Phenuiviridae.g__Phlebovirus.s__Salehabad_phlebovirus,0.000512159034864752
d__Viruses..__ssRNA_viruses..__ssRNA_negative_strand_viruses.o__Bunyavirales.f__Phenuiviridae.g__Phlebovirus.s__Sandfly_fever_Naples_phlebovirus,0.00233190827827439
d__Viruses..__ssRNA_viruses..__ssRNA_negative_strand_viruses.o__Bunyavirales.f__Phenuiviridae.g__Phlebovirus.s__Uukuniemi_phlebovirus,0.00243246824540481
d__Viruses..__ssRNA_viruses..__ssRNA_negative_strand_viruses.o__Mononegavirales.f__Filoviridae.g__Cuevavirus.s__Lloviu_cuevavirus,0.00199145970166402
d__Viruses..__ssRNA_viruses..__ssRNA_negative_strand_viruses.o__Mononegavirales.f__Filoviridae.g__Ebolavirus.s__Bundibugyo_ebolavirus,0.00906655480451135
d__Viruses..__ssRNA_viruses..__ssRNA_negative_strand_viruses.o__Mononegavirales.f__Filoviridae.g__Ebolavirus.s__Reston_ebolavirus,0.00992674027570044
d__Viruses..__ssRNA_viruses..__ssRNA_negative_strand_viruses.o__Mononegavirales.f__Filoviridae.g__Ebolavirus.s__Sudan_ebolavirus,0.00897070459593697
d__Viruses..__ssRNA_viruses..__ssRNA_negative_strand_viruses.o__Mononegavirales.f__Filoviridae.g__Ebolavirus.s__Tai_Forest_ebolavirus,0.0089626239511823
d__Viruses..__ssRNA_viruses..__ssRNA_negative_strand_viruses.o__Mononegavirales.f__Filoviridae.g__Ebolavirus.s__Zaire_ebolavirus,0.0111239154658616
d__Viruses..__ssRNA_viruses..__ssRNA_negative_strand_viruses.o__Mononegavirales.f__Filoviridae.g__Marburgvirus.s__Marburg_marburgvirus,0.00642498307960688
d__Viruses..__ssRNA_viruses..__ssRNA_negative_strand_viruses.o__Mononegavirales.f__Paramyxoviridae..__unclassified_Paramyxoviridae.s__Mossman_virus,0.000104601515771056
d__Viruses..__ssRNA_viruses..__ssRNA_negative_strand_viruses.o__Mononegavirales.f__Paramyxoviridae..__unclassified_Paramyxoviridae.s__Nariva_virus,0.000142699493892462
d__Viruses..__ssRNA_viruses..__ssRNA_negative_strand_viruses.o__Mononegavirales.f__Paramyxoviridae.g__Henipavirus.s__Cedar_henipavirus,0.000294917898662405
d__Viruses..__ssRNA_viruses..__ssRNA_negative_strand_viruses.o__Mononegavirales.f__Paramyxoviridae.g__Henipavirus.s__Hendra_henipavirus,0.00311727808401445
d__Viruses..__ssRNA_viruses..__ssRNA_negative_strand_viruses.o__Mononegavirales.f__Paramyxoviridae.g__Henipavirus.s__Mojiang_henipavirus,0.000152257696150735
d__Viruses..__ssRNA_viruses..__ssRNA_negative_strand_viruses.o__Mononegavirales.f__Paramyxoviridae.g__Henipavirus.s__Nipah_henipavirus,0.00322194343065693
d__Viruses..__ssRNA_viruses..__ssRNA_negative_strand_viruses.o__Mononegavirales.f__Paramyxoviridae.g__Morbillivirus.s__Cetacean_morbillivirus,0.00151334887926522
d__Viruses..__ssRNA_viruses..__ssRNA_negative_strand_viruses.o__Mononegavirales.f__Paramyxoviridae.g__Morbillivirus.s__Measles_morbillivirus,0.0038618485508556
d__Viruses..__ssRNA_viruses..__ssRNA_negative_strand_viruses.o__Mononegavirales.f__Paramyxoviridae.g__Morbillivirus.s__Phocine_morbillivirus,0.00118119987044905
d__Viruses..__ssRNA_viruses..__ssRNA_negative_strand_viruses.o__Mononegavirales.f__Paramyxoviridae.g__Morbillivirus.s__Rinderpest_morbillivirus,0.00206930749718689
d__Viruses..__ssRNA_viruses..__ssRNA_negative_strand_viruses.o__Mononegavirales.f__Paramyxoviridae.g__Morbillivirus.s__Small_ruminant_morbillivirus,0.00161105815061964
d__Viruses..__ssRNA_viruses..__ssRNA_negative_strand_viruses.o__Mononegavirales.f__Paramyxoviridae.g__Respirovirus.s__Human_respirovirus_1,0.00130345844631559
d__Viruses..__ssRNA_viruses..__ssRNA_negative_strand_viruses.o__Mononegavirales.f__Paramyxoviridae.g__Respirovirus.s__Human_respirovirus_3,0.00227480392903373
d__Viruses..__ssRNA_viruses..__ssRNA_negative_strand_viruses.o__Mononegavirales.f__Paramyxoviridae.g__Respirovirus.s__Murine_respirovirus,0.000714251702299891
d__Viruses..__ssRNA_viruses..__ssRNA_negative_strand_viruses.o__Mononegavirales.f__Paramyxoviridae.g__Respirovirus.s__Porcine_respirovirus_1,0.00043775753942197
d__Viruses..__ssRNA_viruses..__ssRNA_negative_strand_viruses.o__Mononegavirales.f__Paramyxoviridae.g__Rubulavirus.s__Achimota_rubulavirus_1,0.000171216588985066
d__Viruses..__ssRNA_viruses..__ssRNA_negative_strand_viruses.o__Mononegavirales.f__Paramyxoviridae.g__Rubulavirus.s__Achimota_rubulavirus_2,0.000200152497140679
d__Viruses..__ssRNA_viruses..__ssRNA_negative_strand_viruses.o__Mononegavirales.f__Paramyxoviridae.g__Rubulavirus.s__Human_rubulavirus_2,0.00212885260546849
d__Viruses..__ssRNA_viruses..__ssRNA_negative_strand_viruses.o__Mononegavirales.f__Paramyxoviridae.g__Rubulavirus.s__Human_rubulavirus_4,0.00106631122959014
d__Viruses..__ssRNA_viruses..__ssRNA_negative_strand_viruses.o__Mononegavirales.f__Paramyxoviridae.g__Rubulavirus.s__Mammalian_rubulavirus_5,0.00219640208420492
d__Viruses..__ssRNA_viruses..__ssRNA_negative_strand_viruses.o__Mononegavirales.f__Paramyxoviridae.g__Rubulavirus.s__Mumps_rubulavirus,0.00228665072362968
d__Viruses..__ssRNA_viruses..__ssRNA_negative_strand_viruses.o__Mononegavirales.f__Paramyxoviridae.g__Rubulavirus.s__Porcine_rubulavirus,0.00026702778996357
d__Viruses..__ssRNA_viruses..__ssRNA_negative_strand_viruses.o__Mononegavirales.f__Paramyxoviridae.g__Rubulavirus.s__Tuhoko_rubulavirus_2,0.000114176974310181
d__Viruses..__ssRNA_viruses..__ssRNA_negative_strand_viruses.o__Mononegavirales.f__Paramyxoviridae.g__Rubulavirus.s__Tuhoko_rubulavirus_3,9.51130894633719e-05
d__Viruses..__ssRNA_viruses..__ssRNA_negative_strand_viruses.o__Mononegavirales.f__Pneumoviridae.g__Metapneumovirus.s__Human_metapneumovirus,0.00139125496876775
d__Viruses..__ssRNA_viruses..__ssRNA_negative_strand_viruses.o__Mononegavirales.f__Pneumoviridae.g__Orthopneumovirus.s__Human_orthopneumovirus,0.00857080622401531
d__Viruses..__ssRNA_viruses..__ssRNA_negative_strand_viruses.o__Mononegavirales.f__Pneumoviridae.g__Pneumovirus..__unclassified_Pneumovirus.s__Respiratory_syncytial_virus,0.00768946675631398
d__Viruses..__ssRNA_viruses..__ssRNA_negative_strand_viruses.o__Mononegavirales.f__Rhabdoviridae.g__Lyssavirus.s__Aravan_lyssavirus,0.00581836819924826
d__Viruses..__ssRNA_viruses..__ssRNA_negative_strand_viruses.o__Mononegavirales.f__Rhabdoviridae.g__Lyssavirus.s__Australian_bat_lyssavirus,0.0065636589553159
d__Viruses..__ssRNA_viruses..__ssRNA_negative_strand_viruses.o__Mononegavirales.f__Rhabdoviridae.g__Lyssavirus.s__Bokeloh_bat_lyssavirus,0.00586510263929619
d__Viruses..__ssRNA_viruses..__ssRNA_negative_strand_viruses.o__Mononegavirales.f__Rhabdoviridae.g__Lyssavirus.s__Duvenhage_lyssavirus,0.00550629426396035
d__Viruses..__ssRNA_viruses..__ssRNA_negative_strand_viruses.o__Mononegavirales.f__Rhabdoviridae.g__Lyssavirus.s__European_bat_1_lyssavirus,0.00533768959720389
d__Viruses..__ssRNA_viruses..__ssRNA_negative_strand_viruses.o__Mononegavirales.f__Rhabdoviridae.g__Lyssavirus.s__European_bat_2_lyssavirus,0.00552627830793334
d__Viruses..__ssRNA_viruses..__ssRNA_negative_strand_viruses.o__Mononegavirales.f__Rhabdoviridae.g__Lyssavirus.s__Ikoma_lyssavirus,0.00208561497071568
d__Viruses..__ssRNA_viruses..__ssRNA_negative_strand_viruses.o__Mononegavirales.f__Rhabdoviridae.g__Lyssavirus.s__Irkut_lyssavirus,0.00522401527312102
d__Viruses..__ssRNA_viruses..__ssRNA_negative_strand_viruses.o__Mononegavirales.f__Rhabdoviridae.g__Lyssavirus.s__Khujand_lyssavirus,0.00600706043121774
d__Viruses..__ssRNA_viruses..__ssRNA_negative_strand_viruses.o__Mononegavirales.f__Rhabdoviridae.g__Lyssavirus.s__Lagos_bat_lyssavirus,0.00521545827633379
d__Viruses..__ssRNA_viruses..__ssRNA_negative_strand_viruses.o__Mononegavirales.f__Rhabdoviridae.g__Lyssavirus.s__Mokola_lyssavirus,0.0044688700414559
d__Viruses..__ssRNA_viruses..__ssRNA_negative_strand_viruses.o__Mononegavirales.f__Rhabdoviridae.g__Lyssavirus.s__Rabies_lyssavirus,0.007795078999028
d__Viruses..__ssRNA_viruses..__ssRNA_negative_strand_viruses.o__Mononegavirales.f__Rhabdoviridae.g__Lyssavirus.s__Shimoni_bat_lyssavirus,0.00444030311962196
d__Viruses..__ssRNA_viruses..__ssRNA_negative_strand_viruses.o__Mononegavirales.f__Rhabdoviridae.g__Lyssavirus.s__West_Caucasian_bat_lyssavirus,0.00301634727006299
d__Viruses..__ssRNA_viruses..__ssRNA_negative_strand_viruses.o__Mononegavirales.f__Rhabdoviridae.g__Vesiculovirus.s__Chandipura_vesiculovirus,0.00165257859245892
d__Viruses..__ssRNA_viruses..__ssRNA_negative_strand_viruses.o__Mononegavirales.f__Rhabdoviridae.g__Vesiculovirus.s__Indiana_vesiculovirus,0.00284597579023261
d__Viruses..__ssRNA_viruses..__ssRNA_negative_strand_viruses.o__Mononegavirales.f__Rhabdoviridae.g__Vesiculovirus.s__Isfahan_vesiculovirus,0.00160501448311886
d__Viruses..__ssRNA_viruses..__ssRNA_negative_strand_viruses.o__Mononegavirales.f__Rhabdoviridae.g__Vesiculovirus.s__Jurona_vesiculovirus,0.000684222030048751
d__Viruses..__ssRNA_viruses..__ssRNA_negative_strand_viruses.o__Mononegavirales.f__Rhabdoviridae.g__Vesiculovirus.s__Maraba_vesiculovirus,0.00166193411143506
d__Viruses..__ssRNA_viruses..__ssRNA_positive_strand_viruses__no_DNA_stage.f__Astroviridae..__unclassified_Astroviridae.s__Human_astrovirus,0.00378841557312776
d__Viruses..__ssRNA_viruses..__ssRNA_positive_strand_viruses__no_DNA_stage.f__Astroviridae.g__Mamastrovirus.s__Mamastrovirus_1,0.00482576258381339
d__Viruses..__ssRNA_viruses..__ssRNA_positive_strand_viruses__no_DNA_stage.f__Caliciviridae.g__Norovirus.s__Norwalk_virus,0.00495870920984876
d__Viruses..__ssRNA_viruses..__ssRNA_positive_strand_viruses__no_DNA_stage.f__Caliciviridae.g__Sapovirus.s__Sapporo_virus,0.00340375363669208
d__Viruses..__ssRNA_viruses..__ssRNA_positive_strand_viruses__no_DNA_stage.f__Flaviviridae.g__Flavivirus..__Dengue_virus_group.s__Dengue_virus,0.0164898970349152
d__Viruses..__ssRNA_viruses..__ssRNA_positive_strand_viruses__no_DNA_stage.f__Flaviviridae.g__Flavivirus..__Japanese_encephalitis_virus_group.s__Japanese_encephalitis_virus,0.00555911909343596
d__Viruses..__ssRNA_viruses..__ssRNA_positive_strand_viruses__no_DNA_stage.f__Flaviviridae.g__Flavivirus..__Japanese_encephalitis_virus_group.s__Murray_Valley_encephalitis_virus,0.00506270185341441
d__Viruses..__ssRNA_viruses..__ssRNA_positive_strand_viruses__no_DNA_stage.f__Flaviviridae.g__Flavivirus..__Japanese_encephalitis_virus_group.s__St__Louis_encephalitis_virus,0.00350757870190439
d__Viruses..__ssRNA_viruses..__ssRNA_positive_strand_viruses__no_DNA_stage.f__Flaviviridae.g__Flavivirus..__Japanese_encephalitis_virus_group.s__Usutu_virus,0.00490876107139046
d__Viruses..__ssRNA_viruses..__ssRNA_positive_strand_viruses__no_DNA_stage.f__Flaviviridae.g__Flavivirus..__Japanese_encephalitis_virus_group.s__West_Nile_virus,0.00613896201031579
d__Viruses..__ssRNA_viruses..__ssRNA_positive_strand_viruses__no_DNA_stage.f__Flaviviridae.g__Flavivirus..__Kokobera_virus_group.s__Kokobera_virus,0.000976514818612372
d__Viruses..__ssRNA_viruses..__ssRNA_positive_strand_viruses__no_DNA_stage.f__Flaviviridae.g__Flavivirus..__mosquito_borne_viruses.s__Ilheus_virus,0.00211938557262298
d__Viruses..__ssRNA_viruses..__ssRNA_positive_strand_viruses__no_DNA_stage.f__Flaviviridae.g__Flavivirus..__mosquito_borne_viruses.s__Sepik_virus,0.000797192327509941
d__Viruses..__ssRNA_viruses..__ssRNA_positive_strand_viruses__no_DNA_stage.f__Flaviviridae.g__Flavivirus..__Ntaya_virus_group.s__Bagaza_virus,0.0018777972368165
d__Viruses..__ssRNA_viruses..__ssRNA_positive_strand_viruses__no_DNA_stage.f__Flaviviridae.g__Flavivirus..__Ntaya_virus_group.s__Ntaya_virus,0.00145999610667705
d__Viruses..__ssRNA_viruses..__ssRNA_positive_strand_viruses__no_DNA_stage.f__Flaviviridae.g__Flavivirus..__Ntaya_virus_group.s__Tembusu_virus,0.0019990443592819
d__Viruses..__ssRNA_viruses..__ssRNA_positive_strand_viruses__no_DNA_stage.f__Flaviviridae.g__Flavivirus..__Ntaya_virus_group.s__Yokose_virus,0.000369506028782575
d__Viruses..__ssRNA_viruses..__ssRNA_positive_strand_viruses__no_DNA_stage.f__Flaviviridae.g__Flavivirus..__Rio_Bravo_virus_group.s__Saboya_virus,0.000602802057305086
d__Viruses..__ssRNA_viruses..__ssRNA_positive_strand_viruses__no_DNA_stage.f__Flaviviridae.g__Flavivirus..__Seaborne_tick_borne_virus_group.s__Meaban_virus,0.000629857167774569
d__Viruses..__ssRNA_viruses..__ssRNA_positive_strand_viruses__no_DNA_stage.f__Flaviviridae.g__Flavivirus..__Seaborne_tick_borne_virus_group.s__Saumarez_Reef_virus,0.000571816243458035
d__Viruses..__ssRNA_viruses..__ssRNA_positive_strand_viruses__no_DNA_stage.f__Flaviviridae.g__Flavivirus..__tick_borne_encephalitis_virus_group.s__Kyasanur_forest_disease_virus,0.00325918762088975
d__Viruses..__ssRNA_viruses..__ssRNA_positive_strand_viruses__no_DNA_stage.f__Flaviviridae.g__Flavivirus..__tick_borne_encephalitis_virus_group.s__Langat_virus,0.00345970602162799
d__Viruses..__ssRNA_viruses..__ssRNA_positive_strand_viruses__no_DNA_stage.f__Flaviviridae.g__Flavivirus..__tick_borne_encephalitis_virus_group.s__Louping_ill_virus,0.00371129238025283
d__Viruses..__ssRNA_viruses..__ssRNA_positive_strand_viruses__no_DNA_stage.f__Flaviviridae.g__Flavivirus..__tick_borne_encephalitis_virus_group.s__Omsk_hemorrhagic_fever_virus,0.0035576867302152
d__Viruses..__ssRNA_viruses..__ssRNA_positive_strand_viruses__no_DNA_stage.f__Flaviviridae.g__Flavivirus..__tick_borne_encephalitis_virus_group.s__Powassan_virus,0.00297155246677572
d__Viruses..__ssRNA_viruses..__ssRNA_positive_strand_viruses__no_DNA_stage.f__Flaviviridae.g__Flavivirus..__tick_borne_encephalitis_virus_group.s__Royal_Farm_virus,0.00159979832845314
d__Viruses..__ssRNA_viruses..__ssRNA_positive_strand_viruses__no_DNA_stage.f__Flaviviridae.g__Flavivirus..__tick_borne_encephalitis_virus_group.s__Tick_borne_encephalitis_virus,0.00399039206570587
d__Viruses..__ssRNA_viruses..__ssRNA_positive_strand_viruses__no_DNA_stage.f__Flaviviridae.g__Flavivirus..__unclassified_Flavivirus.s__Chaoyang_virus,0.000516005919464133
d__Viruses..__ssRNA_viruses..__ssRNA_positive_strand_viruses__no_DNA_stage.f__Flaviviridae.g__Flavivirus..__unclassified_Flavivirus.s__Donggang_virus,0.000408870543797823
d__Viruses..__ssRNA_viruses..__ssRNA_positive_strand_viruses__no_DNA_stage.f__Flaviviridae.g__Flavivirus..__unclassified_Flavivirus.s__Nounane_virus,0.000408782994627424
d__Viruses..__ssRNA_viruses..__ssRNA_positive_strand_viruses__no_DNA_stage.f__Flaviviridae.g__Flavivirus..__unclassified_Flavivirus.s__Spanish_goat_encephalitis_virus,0.00363211329102308
d__Viruses..__ssRNA_viruses..__ssRNA_positive_strand_viruses__no_DNA_stage.f__Flaviviridae.g__Flavivirus..__unclassified_Flavivirus.s__Spondweni_virus,0.00184812318227358
d__Viruses..__ssRNA_viruses..__ssRNA_positive_strand_viruses__no_DNA_stage.f__Flaviviridae.g__Flavivirus..__unclassified_Flavivirus.s__T_Ho_virus,0.00198391473056687
d__Viruses..__ssRNA_viruses..__ssRNA_positive_strand_viruses__no_DNA_stage.f__Flaviviridae.g__Flavivirus..__Yellow_fever_virus_group.s__Banzi_virus,0.000437449571785475
d__Viruses..__ssRNA_viruses..__ssRNA_positive_strand_viruses__no_DNA_stage.f__Flaviviridae.g__Flavivirus..__Yellow_fever_virus_group.s__Bouboui_virus,0.000691165733755172
d__Viruses..__ssRNA_viruses..__ssRNA_positive_strand_viruses__no_DNA_stage.f__Flaviviridae.g__Flavivirus..__Yellow_fever_virus_group.s__Edge_Hill_virus,0.000495834021991697
d__Viruses..__ssRNA_viruses..__ssRNA_positive_strand_viruses__no_DNA_stage.f__Flaviviridae.g__Flavivirus..__Yellow_fever_virus_group.s__Uganda_S_virus,0.000573316490137013
d__Viruses..__ssRNA_viruses..__ssRNA_positive_strand_viruses__no_DNA_stage.f__Flaviviridae.g__Flavivirus..__Yellow_fever_virus_group.s__Wesselsbron_virus,0.000983092751394337
d__Viruses..__ssRNA_viruses..__ssRNA_positive_strand_viruses__no_DNA_stage.f__Flaviviridae.g__Flavivirus..__Yellow_fever_virus_group.s__Yellow_fever_virus,0.00680331359114311
d__Viruses..__ssRNA_viruses..__ssRNA_positive_strand_viruses__no_DNA_stage.f__Flaviviridae.g__Flavivirus.s__Aroa_virus,0.00160752908166248
d__Viruses..__ssRNA_viruses..__ssRNA_positive_strand_viruses__no_DNA_stage.f__Flaviviridae.g__Flavivirus.s__Gadgets_Gully_virus,0.00159800104596432
d__Viruses..__ssRNA_viruses..__ssRNA_positive_strand_viruses__no_DNA_stage.f__Flaviviridae.g__Flavivirus.s__Jugra_virus,0.000485885039599631
d__Viruses..__ssRNA_viruses..__ssRNA_positive_strand_viruses__no_DNA_stage.f__Flaviviridae.g__Flavivirus.s__Kadam_virus,0.000445749391939688
d__Viruses..__ssRNA_viruses..__ssRNA_positive_strand_viruses__no_DNA_stage.f__Flaviviridae.g__Flavivirus.s__Kedougou_virus,0.000671722432608717
d__Viruses..__ssRNA_viruses..__ssRNA_positive_strand_viruses__no_DNA_stage.f__Flaviviridae.g__Flavivirus.s__Yaounde_virus,0.00436668510378155
d__Viruses..__ssRNA_viruses..__ssRNA_positive_strand_viruses__no_DNA_stage.f__Flaviviridae.g__Flavivirus.s__Zika_virus,0.00331708835517164
d__Viruses..__ssRNA_viruses..__ssRNA_positive_strand_viruses__no_DNA_stage.f__Flaviviridae.g__Hepacivirus.s__Hepatitis_C_virus,0.0331918330362155
d__Viruses..__ssRNA_viruses..__ssRNA_positive_strand_viruses__no_DNA_stage.f__Flaviviridae.g__Pegivirus.s__Pegivirus_C,0.00835266378380442
d__Viruses..__ssRNA_viruses..__ssRNA_positive_strand_viruses__no_DNA_stage.f__Hepeviridae.g__Orthohepevirus.s__Orthohepevirus_A,0.0107011841630077
d__Viruses..__ssRNA_viruses..__ssRNA_positive_strand_viruses__no_DNA_stage.f__Togaviridae.g__Alphavirus..__EEEV_complex.s__Eastern_equine_encephalitis_virus,0.00757656085829132
d__Viruses..__ssRNA_viruses..__ssRNA_positive_strand_viruses__no_DNA_stage.f__Togaviridae.g__Alphavirus..__SFV_complex.s__Chikungunya_virus,0.0136347946151191
d__Viruses..__ssRNA_viruses..__ssRNA_positive_strand_viruses__no_DNA_stage.f__Togaviridae.g__Alphavirus..__SFV_complex.s__Getah_virus,0.0076560092449923
d__Viruses..__ssRNA_viruses..__ssRNA_positive_strand_viruses__no_DNA_stage.f__Togaviridae.g__Alphavirus..__SFV_complex.s__Mayaro_virus,0.00619189074495583
d__Viruses..__ssRNA_viruses..__ssRNA_positive_strand_viruses__no_DNA_stage.f__Togaviridae.g__Alphavirus..__SFV_complex.s__O_nyong_nyong_virus,0.0122548784580716
d__Viruses..__ssRNA_viruses..__ssRNA_positive_strand_viruses__no_DNA_stage.f__Togaviridae.g__Alphavirus..__SFV_complex.s__Ross_River_virus,0.00819135624217923
d__Viruses..__ssRNA_viruses..__ssRNA_positive_strand_viruses__no_DNA_stage.f__Togaviridae.g__Alphavirus..__SFV_complex.s__Semliki_Forest_virus,0.00720720720720721
d__Viruses..__ssRNA_viruses..__ssRNA_positive_strand_viruses__no_DNA_stage.f__Togaviridae.g__Alphavirus..__VEEV_complex.s__Venezuelan_equine_encephalitis_virus,0.00720452745639619
d__Viruses..__ssRNA_viruses..__ssRNA_positive_strand_viruses__no_DNA_stage.f__Togaviridae.g__Alphavirus..__WEEV_complex.s__Sindbis_virus,0.00515722784516727
d__Viruses..__ssRNA_viruses..__ssRNA_positive_strand_viruses__no_DNA_stage.f__Togaviridae.g__Alphavirus..__WEEV_complex.s__Western_equine_encephalitis_virus,0.00639245632303598
d__Viruses..__ssRNA_viruses..__ssRNA_positive_strand_viruses__no_DNA_stage.f__Togaviridae.g__Alphavirus.s__Barmah_Forest_virus,0.0029487687681881
d__Viruses..__ssRNA_viruses..__ssRNA_positive_strand_viruses__no_DNA_stage.f__Togaviridae.g__Rubivirus.s__Rubella_virus,0.00409963821165091
d__Viruses..__ssRNA_viruses..__ssRNA_positive_strand_viruses__no_DNA_stage.o__Nidovirales.f__Coronaviridae..__Coronavirinae.g__Alphacoronavirus.s__Human_coronavirus_229E,0.00546522351113915
d__Viruses..__ssRNA_viruses..__ssRNA_positive_strand_viruses__no_DNA_stage.o__Nidovirales.f__Coronaviridae..__Coronavirinae.g__Alphacoronavirus.s__Human_coronavirus_NL63,0.00527233960069781
d__Viruses..__ssRNA_viruses..__ssRNA_positive_strand_viruses__no_DNA_stage.o__Nidovirales.f__Coronaviridae..__Coronavirinae.g__Betacoronavirus.s__Betacoronavirus_1,0.0133917274939173
d__Viruses..__ssRNA_viruses..__ssRNA_positive_strand_viruses__no_DNA_stage.o__Nidovirales.f__Coronaviridae..__Coronavirinae.g__Betacoronavirus.s__Human_coronavirus_HKU1,0.0171622720408874
d__Viruses..__ssRNA_viruses..__ssRNA_positive_strand_viruses__no_DNA_stage.o__Nidovirales.f__Coronaviridae..__Coronavirinae.g__Betacoronavirus.s__Middle_East_respiratory_syndrome_related_coronavirus,0.024048791297729
d__Viruses..__ssRNA_viruses..__ssRNA_positive_strand_viruses__no_DNA_stage.o__Nidovirales.f__Coronaviridae..__Coronavirinae.g__Betacoronavirus.s__SARS_related_coronavirus,0.00481323101556246
d__Viruses..__ssRNA_viruses..__ssRNA_positive_strand_viruses__no_DNA_stage.o__Picornavirales.f__Picornaviridae.g__Cardiovirus.s__Cardiovirus_A,0.00246360149555103
d__Viruses..__ssRNA_viruses..__ssRNA_positive_strand_viruses__no_DNA_stage.o__Picornavirales.f__Picornaviridae.g__Cosavirus.s__Cosavirus_A,0.00547961063893418
d__Viruses..__ssRNA_viruses..__ssRNA_positive_strand_viruses__no_DNA_stage.o__Picornavirales.f__Picornaviridae.g__Enterovirus..__unclassified_Enterovirus.s__Human_enterovirus,0.00307629003340812
d__Viruses..__ssRNA_viruses..__ssRNA_positive_strand_viruses__no_DNA_stage.o__Picornavirales.f__Picornaviridae.g__Enterovirus.s__Enterovirus_A,0.00765642529572697
d__Viruses..__ssRNA_viruses..__ssRNA_positive_strand_viruses__no_DNA_stage.o__Picornavirales.f__Picornaviridae.g__Enterovirus.s__Enterovirus_B,0.0156728165116984
d__Viruses..__ssRNA_viruses..__ssRNA_positive_strand_viruses__no_DNA_stage.o__Picornavirales.f__Picornaviridae.g__Enterovirus.s__Enterovirus_C,0.0128892192145204
d__Viruses..__ssRNA_viruses..__ssRNA_positive_strand_viruses__no_DNA_stage.o__Picornavirales.f__Picornaviridae.g__Enterovirus.s__Enterovirus_D,0.00325531685410886
d__Viruses..__ssRNA_viruses..__ssRNA_positive_strand_viruses__no_DNA_stage.o__Picornavirales.f__Picornaviridae.g__Enterovirus.s__Enterovirus_H,0.00131498891091441
d__Viruses..__ssRNA_viruses..__ssRNA_positive_strand_viruses__no_DNA_stage.o__Picornavirales.f__Picornaviridae.g__Enterovirus.s__Rhinovirus_A,0.0104460645970524
d__Viruses..__ssRNA_viruses..__ssRNA_positive_strand_viruses__no_DNA_stage.o__Picornavirales.f__Picornaviridae.g__Enterovirus.s__Rhinovirus_B,0.0045851292574447
d__Viruses..__ssRNA_viruses..__ssRNA_positive_strand_viruses__no_DNA_stage.o__Picornavirales.f__Picornaviridae.g__Enterovirus.s__Rhinovirus_C,0.000848168055624045
d__Viruses..__ssRNA_viruses..__ssRNA_positive_strand_viruses__no_DNA_stage.o__Picornavirales.f__Picornaviridae.g__Hepatovirus.s__Hepatovirus_A,0.00524786894614029
d__Viruses..__ssRNA_viruses..__ssRNA_positive_strand_viruses__no_DNA_stage.o__Picornavirales.f__Picornaviridae.g__Kobuvirus.s__Aichivirus_A,0.00190643083411163
d__Viruses..__ssRNA_viruses..__ssRNA_positive_strand_viruses__no_DNA_stage.o__Picornavirales.f__Picornaviridae.g__Parechovirus..__unclassified_Parechovirus.s__Human_parechovirus,0.00221306471306471
d__Viruses..__ssRNA_viruses..__ssRNA_positive_strand_viruses__no_DNA_stage.o__Picornavirales.f__Picornaviridae.g__Rosavirus.s__Rosavirus_A,0.00132175045734481
d__Viruses..__ssRNA_viruses..__ssRNA_positive_strand_viruses__no_DNA_stage.o__Picornavirales.f__Picornaviridae.g__Salivirus.s__Salivirus_A,0.00295903319096777
d__Viruses.g__Deltavirus.s__Hepatitis_delta_virus,0.00420895324751483
